use feat;

INSERT INTO day VALUES (1,'Domingo'),(2,'Lunes'),(3,'Martes'),(4,'Miercoles'),(5,'Jueves '),(6,'Viernes'),(7,'Sabado');
INSERT INTO periodicity VALUES (1,'Unica vez'),(2,'Semanal'),(3,'Quincenal'),(4,'Mensual');
INSERT INTO sport VALUES (1,'Futbol 5',10),(2,'Futbol 6',12),(3,'Futbol 7',14),(4,'Futbol 9',18),(5,'Futbol 11',22),(6,'Padel Single',2),(7,'Padel Doubles',4),(8,'Tenis Single',2),(9,'Tenis Doubles',4),(10,'Basquet ',10),(11,'Evento Recreativo',NULL);
INSERT INTO level(description,sportId) values('Nivel 1',6);
INSERT INTO level(description,sportId) values('Nivel 1.5',6);
INSERT INTO level(description,sportId) values('Nivel 2',6);
INSERT INTO level(description,sportId) values('Nivel 2.5',6);
INSERT INTO level(description,sportId) values('Nivel 3',6);
INSERT INTO level(description,sportId) values('Nivel 3.5',6);
INSERT INTO level(description,sportId) values('Nivel 4',6);
INSERT INTO level(description,sportId) values('Nivel 4.5',6);
INSERT INTO level(description,sportId) values('Nivel 5',6);
INSERT INTO level(description,sportId) values('Nivel 5.5',6);
INSERT INTO level(description,sportId) values('Nivel 6',6);
INSERT INTO level(description,sportId) values('Nivel 7',6);
INSERT INTO level(description,sportId) values('Nivel 1',7);
INSERT INTO level(description,sportId) values('Nivel 1.5',7);
INSERT INTO level(description,sportId) values('Nivel 2',7);
INSERT INTO level(description,sportId) values('Nivel 2.5',7);
INSERT INTO level(description,sportId) values('Nivel 3',7);
INSERT INTO level(description,sportId) values('Nivel 3.5',7);
INSERT INTO level(description,sportId) values('Nivel 4',7);
INSERT INTO level(description,sportId) values('Nivel 4.5',7);
INSERT INTO level(description,sportId) values('Nivel 5',7);
INSERT INTO level(description,sportId) values('Nivel 5.5',7);
INSERT INTO level(description,sportId) values('Nivel 6',7);
INSERT INTO level(description,sportId) values('Nivel 7',7);
INSERT INTO level(description,sportId) values('Principiante',1);
INSERT INTO level(description,sportId) values('Normal',1);
INSERT INTO level(description,sportId) values('Bueno ',1);
INSERT INTO level(description,sportId) values('Competitivo',1);
INSERT INTO level(description,sportId) values('Principiante',2);
INSERT INTO level(description,sportId) values('Normal',2);
INSERT INTO level(description,sportId) values('Bueno ',2);
INSERT INTO level(description,sportId) values('Competitivo',2);
INSERT INTO level(description,sportId) values('Principiante',3);
INSERT INTO level(description,sportId) values('Normal',3);
INSERT INTO level(description,sportId) values('Bueno ',3);
INSERT INTO level(description,sportId) values('Competitivo',3);
INSERT INTO level(description,sportId) values('Principiante',4);
INSERT INTO level(description,sportId) values('Normal',4);
INSERT INTO level(description,sportId) values('Bueno ',4);
INSERT INTO level(description,sportId) values('Competitivo',4);
INSERT INTO level(description,sportId) values('Principiante',5);
INSERT INTO level(description,sportId) values('Normal',5);
INSERT INTO level(description,sportId) values('Bueno ',5);
INSERT INTO level(description,sportId) values('Competitivo',5);

